,Industry,Total Staff Infected,Hispanic Percentage,Hispanic Staff Infected
0,Agg/Fish/Forestry/Hunting,58.0,27.5,16.0
1,Construction,41.0,30.39999999999999,12.0
2,Education/Health Services,2458.0,13.5,332.0
3,Financial Activities,0.0,12.9,0.0
4,Government,121.0,12.5,15.0
5,Hospitality,159.0,24.0,38.0
6,Manufacturing,498.0,16.8,84.0
7,Mining/OilandGas,15.0,20.1,3.0
8,Other Services,0.0,19.9,0.0
9,Prof Serv and Mgmt,102.0,16.0,16.0
10,Transp/Warehouse,95.0,19.45000000000001,18.0
11,Wholesale/Retail,158.0,18.10000000000001,29.0
