,0
0,Construction Site
1,Wood Pallet Manufacturer
2,Construction site
3,
4,Maintenance Services
5,Correctional facility
6,Gathering
7,Retail
8,Community Corrections
9,Industry
10,Waste management
11,Distribution
12,Manufacturing
13,Distribution Center
14,Residential Care Facility
15,Dairy Plant
16,Beauty Salon
17,Potato Warehouse
18,Beverage Bottling Plant
19,Bridge Tournament 
20,Meat Processing
21,Manufacturing/Retail
22,Electrical Contractor
23,Personal Care Alternative (PCA) staffed apartment
24,Meat Packing Plant
25,Factory/Warehouse
26,Congregate shelter
27,Manufacturing 
28,OBGYN Clinic
29,Produce Wholesale Warehouse
30,Distribution/Marketing Service
31,Agriculture
32,Opioid Treatment Facility
33,Frozen food manufacturing
34,Food Manufacturer
35,Food Manufacturing
36,Store
37,Shelter
38,Tile Company; Industry
39,Food distributor
40,Adult group home
41,Cleaning Company
42,Warehouse Distribution
43,Fencing company
44,Factory
45,Thrift store
46,Food Packaging Industry
47,Landscaping
48,Rehab center
49,Agricultural and Manufactured food facility
50,Inpatient rehabilitation
51,Home Improvement Retailer
52,Home improvement retailer
53,Hospice 
54,Laundry Services
55,Bank
56,Assisted living and memory care
57,Dental Office
58,Hot Spring/Spa
59,Bakery 
60,Slaughterhouse/Meat packing plant
61,Educational Program
62,Behavioral health
63,Bakery
64,construction site
65,Environmental Laboratory
66,Produce Repack Warehouse/Distribution
67,Steam Laundry
68,Rehab and Senior Living
69,Landscaping company
70,Traffic safety equipment supplier company
71,Manufactured foods facility
72,House Painting Business
73,Meat Processing Plant (Lamb)
74,Homeless shelter
75,THC Laboratory
76,assisted living and memory care
77,Manufacturer (Hand Sanitizer)
78,Building materials supplier
79,Community correctional facility
80,Pipe distributor
81,Restaurant/Adult Entertainment
82,Dog Food Plant
83,Potato Processing Plant
84,Poultry Processing Center
85,Construction
86,Commercial Bakery
87,Gutters
88,Meat Processing Plant
89,Tile/Construction
90,Food Distribution
91,Provides parts and technical assistance for rebar processing machines
92,Construction company
93,Food manufacturing
94,Rehab 
95,Food Manufacturer 
96,Car dealership 
97,"Skilled nursing, continuing care retirement community"
98,Ice Cream
99,Warehouse
100,Copper Mountain Employee Housing
101,"Workplace, no store front, in homes"
102,Recreation Facility and Restaurant
103,Airport operations/support
104,Mail distribution center
105,Lumber/Construction 
106,University
107,Youth shelter
108,Coal Mine
109,Inpatient psychiatry
110,Assisted living & independent living 
